-- TABLE LOAI NHAN VIEN
INSERT INTO LOAINV(MALOAI, TENLOAI) VALUES (0,N'Nhan vien');
INSERT INTO LOAINV(MALOAI, TENLOAI) VALUES (1,N'Quan ly');

-- TABLE TRUNG TAM
INSERT INTO TRUNGTAM(TENTT,DIACHI,SDT) VALUES (N'Trung tam A',N'Ho Chi Minh', '09182727192');
INSERT INTO TRUNGTAM(TENTT,DIACHI,SDT) VALUES (N'Trung tam B',N'Binh Duong', '09182727192');
INSERT INTO TRUNGTAM(TENTT,DIACHI,SDT) VALUES (N'Trung tam C',N'Hai Phong', '09182727192');
INSERT INTO TRUNGTAM(TENTT,DIACHI,SDT) VALUES (N'Trung tam D',N'Hà Noi', '09182727192');
INSERT INTO TRUNGTAM(TENTT,DIACHI,SDT) VALUES (N'Trung tam E',N'Ho Chi Minh', '09182727192');
-- TABLE KHACH HANG
INSERT INTO KHACHHANG(HOTEN,DIACHI,SDT, EMAIL,NGAYSINH) VALUES (N'Nguyen Anh Tuan',N'Ho Chi Minh', '01234567890', 'tqt@gmail.com',TO_DATE('1995/12/16 ', 'yyyy/mm/dd '));
INSERT INTO KHACHHANG(HOTEN,DIACHI,SDT, EMAIL,NGAYSINH) VALUES (N'Truong Van Hoang',N'Ho Chi Minh', '01234567890', 'abc@gmail.com',TO_DATE('1990/12/16 ', 'yyyy/mm/dd '));
INSERT INTO KHACHHANG(HOTEN,DIACHI,SDT, EMAIL,NGAYSINH) VALUES (N'Le Thai Binh Minh',N'Ho Chi Minh', '01234567890', 'tst@gmail.com',TO_DATE('1994/1/16 ', 'yyyy/mm/dd '));
INSERT INTO KHACHHANG(HOTEN,DIACHI,SDT, EMAIL,NGAYSINH) VALUES (N'Dam Hong Duc',N'Ho Chi Minh', '01234567890', 'trt@gmail.com',TO_DATE('1994/2/6 ', 'yyyy/mm/dd '));
INSERT INTO KHACHHANG(HOTEN,DIACHI,SDT, EMAIL,NGAYSINH) VALUES (N'Nguyen Phuoc Huy',N'Ho Chi Minh', '01234567890', 'tht@gmail.com',TO_DATE('1999/12/16 ', 'yyyy/mm/dd '));
-- TABLE NHÀ CUNG CAP
INSERT INTO NHACUNGCAP(TENNCC,DIACHI,SDT) VALUES (N'Sinopharm',N'Trung Quoc', '0988688890');
INSERT INTO NHACUNGCAP(TENNCC,DIACHI,SDT) VALUES (N'Pfizer',N'An Do', '0988688890');
INSERT INTO NHACUNGCAP(TENNCC,DIACHI,SDT) VALUES (N' Johnson and Johnson',N'An Do', '0988688890');
-- TABLE NHAN VIEN
INSERT INTO NHANVIEN(HOTEN,DIACHI,SDT,EMAIL,NGAYSINH,BANGCAP, MALOAINV,MATT) VALUES (N'Peter',N'Ho Chi Minh', '01828282820', 'tqt@gmail.com',TO_DATE('2001/12/16 ', 'yyyy/mm/dd '),N'Cu nhan',0,1);
INSERT INTO NHANVIEN(HOTEN,DIACHI,SDT, EMAIL,NGAYSINH,BANGCAP, MALOAINV,MATT) VALUES (N'Jack',N'Ho Chi Minh', '01828282890', 'tqt@gmail.com',TO_DATE('2001/12/16 ', 'yyyy/mm/dd '),N'Cu nhan',0,3);
INSERT INTO NHANVIEN(HOTEN,DIACHI,SDT, EMAIL,NGAYSINH,BANGCAP, MALOAINV,MATT) VALUES (N'Kenny',N'Ho Chi Minh', '01828288290', 'tqt@gmail.com',TO_DATE('2001/12/16 ', 'yyyy/mm/dd '),N'Cu nhan',0,2);
INSERT INTO NHANVIEN(HOTEN,DIACHI,SDT, EMAIL,NGAYSINH,BANGCAP, MALOAINV,MATT) VALUES (N'Johny',N'Ho Chi Minh', '01828228290', 'tqt@gmail.com',TO_DATE('2001/12/16 ', 'yyyy/mm/dd '),N'Cu nhan',1,2);
INSERT INTO NHANVIEN(HOTEN,DIACHI,SDT, EMAIL,NGAYSINH,BANGCAP, MALOAINV,MATT) VALUES (N'Hann',N'Ho Chi Minh', '01828228290', 'tqt@gmail.com',TO_DATE('2001/12/16 ', 'yyyy/mm/dd '),N'Cu nhan',1,1);
--TABLE ACCOUNT
INSERT INTO ACCOUNT(USERNAME,MANV) VALUES ('NV1',1);
INSERT INTO ACCOUNT(USERNAME,MANV) VALUES ('NV2',2);
INSERT INTO ACCOUNT(USERNAME,MANV) VALUES ('NV3',3);
INSERT INTO ACCOUNT(USERNAME,MANV) VALUES ('NV4',4);
INSERT INTO ACCOUNT(USERNAME,MANV) VALUES ('NV5',5);
-- TABLE NGUOI GIAM HO
INSERT INTO NGUOIGIAMHO(MAKH,HOTEN,QUANHE,SDT) VALUES (1,N'Nguyen Anh Minh',N'Bo', '09484867890');
INSERT INTO NGUOIGIAMHO(MAKH,HOTEN,QUANHE,SDT) VALUES (2,N'Le Thuan',N'Anh', '09484567890');
INSERT INTO NGUOIGIAMHO(MAKH,HOTEN,QUANHE,SDT) VALUES (2,N'Le Bao',N'Anh', '09484867830');
INSERT INTO NGUOIGIAMHO(MAKH,HOTEN,QUANHE,SDT) VALUES (1,N'Nguyen Thi Anh',N'Me', '09284867890');
INSERT INTO NGUOIGIAMHO(MAKH,HOTEN,QUANHE,SDT) VALUES (1,N'Nguyen Duy Duc',N'Anh', '01484867890');

-- TABLE GOI TIEM 
INSERT INTO GOITIEM(TENGOI, SLVACXIN) VALUES (N'Goi tiem 1',0);
INSERT INTO GOITIEM(TENGOI, SLVACXIN) VALUES (N'Goi tiem 2',0);
INSERT INTO GOITIEM(TENGOI, SLVACXIN) VALUES (N'Goi tiem 3',0);
INSERT INTO GOITIEM(TENGOI, SLVACXIN) VALUES (N'Goi tiem 4',0);
INSERT INTO GOITIEM(TENGOI, SLVACXIN) VALUES (N'Goi tiem 5',0);
INSERT INTO GOITIEM(TENGOI, SLVACXIN) VALUES (N'Goi tiem 6',0);
-- TABLE VACXIN
INSERT INTO VACXIN(TENVX, LOAIVX, MANCC) VALUES (N'BBIBP-CorV','Covid19',1);
INSERT INTO VACXIN(TENVX, LOAIVX,MANCC) VALUES (N'Pfizer','Covid19',2);
INSERT INTO VACXIN(TENVX, LOAIVX,MANCC) VALUES (N'Covaxin','Covid19',3);
INSERT INTO VACXIN(TENVX, LOAIVX, MANCC) VALUES (N'Cum','Virus Cum',1);
INSERT INTO VACXIN(TENVX, LOAIVX,MANCC) VALUES (N'Soi','Virus Soi',2);
INSERT INTO VACXIN(TENVX, LOAIVX,MANCC) VALUES (N'Quai Bi','Virus Quai Bi',3);
-- TABLE VACXIN TAI TRUNG TAM
INSERT INTO VXTT(MAVX,MATT) VALUES (1,1);
INSERT INTO VXTT(MAVX,MATT) VALUES (2,1);
INSERT INTO VXTT(MAVX,MATT) VALUES (3,1);
INSERT INTO VXTT(MAVX,MATT) VALUES (1,2);
INSERT INTO VXTT(MAVX,MATT) VALUES (2,2);
INSERT INTO VXTT(MAVX,MATT) VALUES (3,2);
-- INSERT TABLE CHI TIET GOI TIEM
INSERT INTO CTGT(MAGOI, MAVX,SOLUONG) VALUES (1,1,2);
INSERT INTO CTGT(MAGOI, MAVX,SOLUONG) VALUES (2,2,2);
INSERT INTO CTGT(MAGOI, MAVX,SOLUONG) VALUES (2,1,2);
INSERT INTO CTGT(MAGOI, MAVX,SOLUONG) VALUES (3,1,2);
INSERT INTO CTGT(MAGOI, MAVX,SOLUONG) VALUES (3,3,2);
--TABLE PHIEU DANG KI
INSERT INTO PHIEUDANGKI(MAKH, MANVLAP,LOAIDV, NGAYMUONTIEM) VALUES (1,1,0,TO_DATE('2022/12/16 ', 'yyyy/mm/dd '));
INSERT INTO PHIEUDANGKI(MAKH, MANVLAP,LOAIDV, NGAYMUONTIEM) VALUES (2,1,1,TO_DATE('2022/2/6 ', 'yyyy/mm/dd '));
INSERT INTO PHIEUDANGKI(MAKH, MANVLAP,LOAIDV, NGAYMUONTIEM) VALUES (3,1,0,TO_DATE('2022/12/16 ', 'yyyy/mm/dd '));
INSERT INTO PHIEUDANGKI(MAKH, MANVLAP,LOAIDV, NGAYMUONTIEM) VALUES (4,1,1,TO_DATE('2022/2/6 ', 'yyyy/mm/dd '));
--TABLE CHI TIET PHIEU DANG KI
INSERT INTO CT_PDKI(MAPHIEU,MAGOI,SOLUONG) VALUES (1,1,3);
INSERT INTO CT_PDKI(MAPHIEU,MAGOI,SOLUONG) VALUES (1,2,3);
INSERT INTO CT_PDKI(MAPHIEU,MAGOI,SOLUONG) VALUES (3,1,3);
INSERT INTO CT_PDKI(MAPHIEU,MAGOI,SOLUONG) VALUES (3,2,3);
--TABLE CHI TIET PHIEU DANG KI TIEM LE
INSERT INTO CT_PDK_TIEMLE(MAPHIEU,MAVX,SOLUONG) VALUES (2,1,3);
INSERT INTO CT_PDK_TIEMLE(MAPHIEU,MAVX,SOLUONG) VALUES (2,2,3);
INSERT INTO CT_PDK_TIEMLE(MAPHIEU,MAVX,SOLUONG) VALUES (2,3,1);
INSERT INTO CT_PDK_TIEMLE(MAPHIEU,MAVX,SOLUONG) VALUES (4,4,2);
INSERT INTO CT_PDK_TIEMLE(MAPHIEU,MAVX,SOLUONG) VALUES (4,5,2);
INSERT INTO CT_PDK_TIEMLE(MAPHIEU,MAVX,SOLUONG) VALUES (4,6,2);
-- TABLE HOA DON BAN HANG
INSERT INTO HOADONBH(MAPHIEU, MANVLAP, LOAITHANHTOAN, TINHTRANG) VALUES (1,1,2,50);
INSERT INTO HOADONBH(MAPHIEU, MANVLAP, LOAITHANHTOAN, TINHTRANG) VALUES (2,1,0,100);
INSERT INTO HOADONBH(MAPHIEU, MANVLAP, LOAITHANHTOAN, TINHTRANG) VALUES (3,1,1,0);
INSERT INTO HOADONBH(MAPHIEU, MANVLAP, LOAITHANHTOAN, TINHTRANG) VALUES (4,1,1,0);
-- TABLE CHI TIET HOA DON BAN HANG
INSERT INTO CT_DONBAN(MAHD,MANVTHANHTOAN, HINHTHUCTT,SOTIEN) VALUES (1,1,1,2000000);
INSERT INTO CT_DONBAN(MAHD,MANVTHANHTOAN, HINHTHUCTT,SOTIEN) VALUES (1,1,0,375000);
INSERT INTO CT_DONBAN(MAHD,MANVTHANHTOAN, HINHTHUCTT,SOTIEN) VALUES (2,1,1,1750000);
-- TABLE CA LAM
INSERT INTO CALAM(NGAYLAMVIEC,CA, MAQL, MATT) VALUES (TO_DATE('2022/6/10', 'yyyy/mm/dd'),N'S',5,1);
INSERT INTO CALAM(NGAYLAMVIEC,CA, MAQL, MATT) VALUES (TO_DATE('2022/6/10', 'yyyy/mm/dd'),N'C',5,2);
INSERT INTO CALAM(NGAYLAMVIEC,CA, MAQL, MATT) VALUES (TO_DATE('2022/6/10', 'yyyy/mm/dd'),N'T',5,2);
INSERT INTO CALAM(NGAYLAMVIEC,CA, MAQL, MATT) VALUES (TO_DATE('2022/6/11', 'yyyy/mm/dd'),N'S',5,1);
INSERT INTO CALAM(NGAYLAMVIEC,CA, MAQL, MATT) VALUES (TO_DATE('2022/6/11', 'yyyy/mm/dd'),N'C',5,1);
INSERT INTO CALAM(NGAYLAMVIEC,CA, MAQL, MATT) VALUES (TO_DATE('2022/6/11', 'yyyy/mm/dd'),N'T',5,1);
INSERT INTO CALAM(NGAYLAMVIEC,CA, MAQL, MATT) VALUES (TO_DATE('2022/6/12', 'yyyy/mm/dd'),N'S',5,3);
INSERT INTO CALAM(NGAYLAMVIEC,CA, MAQL, MATT) VALUES (TO_DATE('2022/6/12', 'yyyy/mm/dd'),N'C',5,3);
INSERT INTO CALAM(NGAYLAMVIEC,CA, MAQL, MATT) VALUES (TO_DATE('2022/6/12', 'yyyy/mm/dd'),N'T',5,3);
-- TABLE DANG KI CA LAM
INSERT INTO DANGKICALAM(MACA, MANV) VALUES(1,1);
INSERT INTO DANGKICALAM(MACA, MANV) VALUES(1,2);
INSERT INTO DANGKICALAM(MACA, MANV) VALUES(2,3);
INSERT INTO DANGKICALAM(MACA, MANV) VALUES(6,1);
INSERT INTO DANGKICALAM(MACA, MANV) VALUES(5,2);
INSERT INTO DANGKICALAM(MACA, MANV) VALUES(4,3);
INSERT INTO DANGKICALAM(MACA, MANV) VALUES(1,4);
INSERT INTO DANGKICALAM(MACA, MANV) VALUES(1,5);
INSERT INTO DANGKICALAM(MACA, MANV) VALUES(2,5);
INSERT INTO DANGKICALAM(MACA, MANV) VALUES(6,5);
INSERT INTO DANGKICALAM(MACA, MANV) VALUES(5,5);
INSERT INTO DANGKICALAM(MACA, MANV) VALUES(4,5);
--TABLE PHAN CONG
INSERT INTO PHANCONG(MACA, MANV) VALUES(1,1);
INSERT INTO PHANCONG(MACA, MANV) VALUES(1,2);
INSERT INTO PHANCONG(MACA, MANV) VALUES(2,1);
INSERT INTO PHANCONG(MACA, MANV) VALUES(3,1);
INSERT INTO PHANCONG(MACA, MANV) VALUES(1,4);
INSERT INTO PHANCONG(MACA, MANV) VALUES(5,1);
INSERT INTO PHANCONG(MACA, MANV) VALUES(1,5);
INSERT INTO PHANCONG(MACA, MANV) VALUES(3,5);
--TABLE HOA DON DAT HANG
INSERT INTO HOADONDH(MANVLAP, MANVDUYET, MATTNHAP,HINHTHUCTT, TINHTRANG) VALUES (1,5,1,1,0);
INSERT INTO HOADONDH(MANVLAP, MANVDUYET, MATTNHAP,HINHTHUCTT, TINHTRANG) VALUES (2,5,1,0,1);
INSERT INTO HOADONDH(MANVLAP, MANVDUYET, MATTNHAP,HINHTHUCTT, TINHTRANG) VALUES (3,5,1,1,2);
--TABLE CHI TIET DON MUA
INSERT INTO CT_DONMUA(MAHDDH,MAVX,SOLUONG) VALUES (1,2,2);
INSERT INTO CT_DONMUA(MAHDDH,MAVX,SOLUONG) VALUES (1,3,2);
INSERT INTO CT_DONMUA(MAHDDH,MAVX,SOLUONG) VALUES (1,1,2);
INSERT INTO CT_DONMUA(MAHDDH,MAVX,SOLUONG) VALUES (2,3,3);
INSERT INTO CT_DONMUA(MAHDDH,MAVX,SOLUONG) VALUES (2,1,2);
INSERT INTO CT_DONMUA(MAHDDH,MAVX,SOLUONG) VALUES (3,2,3);

